{"cameraMode":{"drawMode":0,"name":"Shaded","section":"Shading Mode"},"sceneLighting":true,"audioPlay":false,"sceneViewState":{"showFog":true,"showMaterialUpdate":false,"showSkybox":true,"showFlares":true,"showImageEffects":true,"showParticleSystems":true},"in2DMode":false,"pivot":{"x":10.51809310913086,"y":5.116866111755371,"z":2.752394676208496},"rotation":{"x":-0.10916537046432495,"y":0.2425544559955597,"z":-0.027479112148284913,"w":-0.9635860919952393},"size":12.215593338012696,"orthographic":false}